tu_id,class_id,tipo_tu,area_m2,area_ha
1,1,Conservación hídrica,144239.66387136478,14.423966387136478
2,2,Recarga / infiltración,189885.1271220636,18.988512712206358
3,1,Conservación hídrica,166149.48623160063,16.614948623160064
4,1,Conservación hídrica,368815.34306429216,36.88153430642922
5,1,Conservación hídrica,627351.246915403,62.73512469154031
6,1,Conservación hídrica,2516708.2617812003,251.67082617812002
7,2,Recarga / infiltración,158481.04840543552,15.848104840543552
8,2,Recarga / infiltración,379039.9268325479,37.903992683254785
9,2,Recarga / infiltración,1234983.6537053073,123.49836537053073
10,2,Recarga / infiltración,117582.71333320122,11.758271333320122
11,3,Producción agrohidrológica,117217.54962744736,11.721754962744736
12,3,Producción agrohidrológica,344714.53846789827,34.47145384678983
13,2,Recarga / infiltración,215081.42283628677,21.508142283628676
14,2,Recarga / infiltración,138762.20828175108,13.876220828175109
15,2,Recarga / infiltración,153368.7565215755,15.33687565215755
16,2,Recarga / infiltración,169070.7958805476,16.90707958805476
17,2,Recarga / infiltración,134015.080103502,13.4015080103502
18,2,Recarga / infiltración,119043.36815746101,11.9043368157461
19,3,Producción agrohidrológica,207047.82130415572,20.704782130415573
20,3,Producción agrohidrológica,102976.16509309177,10.297616509309178
21,4,Manejo urbano,208873.6398340625,20.88736398340625
22,3,Producción agrohidrológica,214351.09542428123,21.435109542428123
23,1,Conservación hídrica,219828.55101467873,21.982855101467873
24,3,Producción agrohidrológica,391455.49283671164,39.145549283671166
25,3,Producción agrohidrológica,215446.5865425389,21.54465865425389
26,3,Producción agrohidrológica,262552.7046166782,26.255270461667816
27,3,Producción agrohidrológica,188059.30859229845,18.805930859229846
28,2,Recarga / infiltración,324995.69834417757,32.499569834417755
29,2,Recarga / infiltración,205952.33018621893,20.595233018621894
30,2,Recarga / infiltración,129267.95192543071,12.926795192543072
31,3,Producción agrohidrológica,5010411.210082751,501.04112100827507
32,3,Producción agrohidrológica,138397.0445752857,13.839704457528569
33,2,Recarga / infiltración,194997.4190056738,19.49974190056738
34,2,Recarga / infiltración,114296.23997960285,11.429623997960284
35,2,Recarga / infiltración,125251.15115950757,12.525115115950758
36,3,Producción agrohidrológica,375388.2897717371,37.538828977173715
37,3,Producción agrohidrológica,127442.133395773,12.7442133395773
38,3,Producción agrohidrológica,163593.3402899012,16.359334028990123
39,3,Producción agrohidrológica,142048.68163552642,14.204868163552641
40,1,Conservación hídrica,335585.44581754407,33.558544581754404
41,2,Recarga / infiltración,142779.00904770993,14.277900904770993
42,2,Recarga / infiltración,211429.78577618834,21.142978577618834
43,2,Recarga / infiltración,130728.60674961962,13.072860674961962
44,3,Producción agrohidrológica,252328.120848993,25.2328120848993
45,1,Conservación hídrica,137301.55345741977,13.730155345741977
46,3,Producción agrohidrológica,111374.93033140343,11.137493033140343
47,1,Conservación hídrica,123790.49633563934,12.379049633563934
48,3,Producción agrohidrológica,567099.2354246312,56.709923542463116
49,2,Recarga / infiltración,317692.4242237675,31.76924242237675
50,1,Conservación hídrica,389994.8380126288,38.999483801262876
51,1,Conservación hídrica,455724.3050937263,45.57243050937263
52,3,Producción agrohidrológica,1460289.6603111275,146.02896603111276
53,1,Conservación hídrica,143509.33646007135,14.350933646007135
54,2,Recarga / infiltración,115026.56739175116,11.502656739175116
55,3,Producción agrohidrológica,857404.3816986921,85.74043816986921
56,2,Recarga / infiltración,176739.23370599933,17.673923370599933
57,3,Producción agrohidrológica,188059.3085924408,18.80593085924408
58,1,Conservación hídrica,344714.5384678267,34.471453846782666
59,2,Recarga / infiltración,101515.51026925865,10.151551026925866
60,1,Conservación hídrica,299434.23892391525,29.943423892391525
61,2,Recarga / infiltración,133284.7526916386,13.32847526916386
62,1,Conservación hídrica,155194.57505183842,15.519457505183842
63,1,Conservación hídrica,535329.9930028914,53.53299930028914
64,2,Recarga / infiltración,216176.91395411728,21.61769139541173
65,3,Producción agrohidrológica,366624.3608282409,36.662436082824094
66,3,Producción agrohidrológica,398393.60325076396,39.8393603250764
67,2,Recarga / infiltración,252693.2845554588,25.26932845554588
68,2,Recarga / infiltración,101880.67397476295,10.188067397476294
69,1,Conservación hídrica,182216.68929564918,18.221668929564917
70,2,Recarga / infiltración,142048.68163538404,14.204868163538404
71,2,Recarga / infiltración,1804639.0350713835,180.46390350713835
72,1,Conservación hídrica,134745.40751557864,13.474540751557864
73,2,Recarga / infiltración,186233.49006214208,18.62334900621421
74,3,Producción agrohidrológica,100054.8554454256,10.005485544542559
75,1,Conservación hídrica,104436.81991696006,10.443681991696005
76,2,Recarga / infiltración,165419.15882023526,16.541915882023527
77,3,Producción agrohidrológica,316231.76939943613,31.623176939943612
78,1,Conservación hídrica,2090562.2168741613,209.05622168741613
79,2,Recarga / infiltración,161402.3580543837,16.14023580543837
80,1,Conservación hídrica,161767.52175928268,16.176752175928268
81,2,Recarga / infiltración,152273.26540335405,15.227326540335405
82,1,Conservación hídrica,33091500.20180314,3309.150020180314
83,3,Producción agrohidrológica,146795.80981370446,14.679580981370446
84,3,Producción agrohidrológica,139492.53569357868,13.949253569357868
85,1,Conservación hídrica,229322.8073701085,22.93228073701085
86,2,Recarga / infiltración,205587.1664799317,20.558716647993172
87,2,Recarga / infiltración,141683.51792973749,14.168351792973748
88,1,Conservación hídrica,264743.6868527295,26.474368685272946
89,3,Producción agrohidrológica,336680.93693658593,33.66809369365859
90,1,Conservación hídrica,124885.98745361158,12.488598745361159
91,1,Conservación hídrica,104436.81991717365,10.443681991717364
92,1,Conservación hídrica,255979.75790845093,25.597975790845094
93,1,Conservación hídrica,16788036.21983712,1678.8036219837122
94,1,Conservación hídrica,696732.3510553879,69.6732351055388
95,1,Conservación hídrica,304911.69451384945,30.491169451384945
96,3,Producción agrohidrológica,661311.4715737281,66.13114715737281
97,1,Conservación hídrica,100420.01915075212,10.042001915075213
98,1,Conservación hídrica,264378.52314629976,26.437852314629975
99,1,Conservación hídrica,750411.4158396064,75.04114158396064
100,3,Producción agrohidrológica,438561.6109112413,43.856161091124136
101,3,Producción agrohidrológica,128172.4608076001,12.817246080760011
102,1,Conservación hídrica,102976.16509277101,10.297616509277102
103,2,Recarga / infiltración,282636.70844718436,28.263670844718437
104,2,Recarga / infiltración,695636.8599377375,69.56368599377375
105,2,Recarga / infiltración,116122.05850933262,11.612205850933263
106,1,Conservación hídrica,217637.5687783776,21.76375687783776
107,2,Recarga / infiltración,232244.11701909205,23.224411701909204
108,3,Producción agrohidrológica,199014.21977195295,19.901421977195294
109,3,Producción agrohidrológica,123060.16892313518,12.306016892313517
110,1,Conservación hídrica,145700.31869573172,14.570031869573173
111,1,Conservación hídrica,104801.98362353226,10.480198362353226
112,2,Recarga / infiltración,119043.36815689145,11.904336815689145
113,1,Conservación hídrica,568559.890248536,56.8559890248536
114,2,Recarga / infiltración,807376.9539760693,80.73769539760693
115,1,Conservación hídrica,157020.39358181664,15.702039358181663
116,1,Conservación hídrica,163228.17658443263,16.322817658443263
117,2,Recarga / infiltración,316231.7693998632,31.62317693998632
118,2,Recarga / infiltración,334489.95470021374,33.44899547002137
119,2,Recarga / infiltración,344714.5384680768,34.47145384680768
120,3,Producción agrohidrológica,608727.8979089068,60.87278979089068
121,2,Recarga / infiltración,4074861.795300397,407.4861795300397
122,3,Producción agrohidrológica,225671.17031100698,22.567117031100697
123,3,Producción agrohidrológica,205222.0027744627,20.52220027744627
124,4,Manejo urbano,116487.2222153351,11.648722221533511
125,3,Producción agrohidrológica,438196.447205062,43.819644720506204
126,1,Conservación hídrica,168340.46846772332,16.83404684677233
127,1,Conservación hídrica,207412.98501054978,20.741298501054978
128,1,Conservación hídrica,1118131.2677851797,111.81312677851797
129,3,Producción agrohidrológica,223845.35178085102,22.384535178085102
130,3,Producción agrohidrológica,213985.9317185638,21.39859317185638
131,1,Conservación hídrica,276428.9254448183,27.64289254448183
132,2,Recarga / infiltración,403140.73142879835,40.314073142879835
133,1,Conservación hídrica,415556.2974328558,41.55562974328558
134,2,Recarga / infiltración,122695.00521759497,12.269500521759497
135,4,Manejo urbano,363337.8874742869,36.33378874742869
136,2,Recarga / infiltración,101515.51026922278,10.151551026922277
137,2,Recarga / infiltración,101515.51026890245,10.151551026890244
138,2,Recarga / infiltración,106262.63844779244,10.626263844779244
139,3,Producción agrohidrológica,120504.02298161446,12.050402298161446
140,1,Conservación hídrica,138762.20828221398,13.876220828221397
141,3,Producción agrohidrológica,100785.18285764464,10.078518285764464
142,2,Recarga / infiltración,150812.6105793427,15.08126105793427
143,2,Recarga / infiltración,196458.07383050327,19.64580738305033
144,1,Conservación hídrica,908527.3005378277,90.85273005378276
145,3,Producción agrohidrológica,227496.98884091357,22.74969888409136
146,4,Manejo urbano,148621.62834382482,14.862162834382483
147,3,Producción agrohidrológica,384882.5461282703,38.48825461282703
148,4,Manejo urbano,277524.41656360874,27.752441656360872
149,4,Manejo urbano,197918.72865405158,19.791872865405157
150,3,Producción agrohidrológica,102976.16509330514,10.297616509330513
151,3,Producción agrohidrológica,122329.84151091638,12.232984151091637
152,1,Conservación hídrica,413000.15149062354,41.300015149062354
153,4,Manejo urbano,253058.44826089122,25.30584482608912
154,3,Producción agrohidrológica,115391.73109739806,11.539173109739806
155,3,Producción agrohidrológica,318057.5879297697,31.80575879297697
156,3,Producción agrohidrológica,310023.98639795906,31.002398639795906
157,3,Producción agrohidrológica,904145.3360665776,90.41453360665776
158,4,Manejo urbano,113931.07627313802,11.393107627313803
159,2,Recarga / infiltración,227131.82513437717,22.713182513437715
160,4,Manejo urbano,125251.1511599702,12.525115115997021
161,3,Producción agrohidrológica,222019.53324973365,22.201953324973363
162,4,Manejo urbano,224940.84289832506,22.494084289832507
163,3,Producción agrohidrológica,137666.71716317345,13.766671716317346
164,4,Manejo urbano,346175.19329180283,34.61751932918028
165,1,Conservación hídrica,596677.4956104964,59.66774956104964
166,4,Manejo urbano,108818.7843892776,10.88187843892776
167,2,Recarga / infiltración,767208.9463154799,76.72089463154799
168,2,Recarga / infiltración,661311.4715735147,66.13114715735148
169,3,Producción agrohidrológica,159211.37581719228,15.921137581719227
170,4,Manejo urbano,117217.54962723367,11.721754962723368
171,3,Producción agrohidrológica,128537.62451406609,12.85376245140661
172,3,Producción agrohidrológica,212890.440600413,21.289044060041302
173,3,Producción agrohidrológica,310023.9863974605,31.00239863974605
174,3,Producción agrohidrológica,345810.0295865468,34.58100295865468
175,2,Recarga / infiltración,564908.2531887223,56.49082531887223
176,3,Producción agrohidrológica,722293.8104764691,72.22938104764691
177,3,Producción agrohidrológica,410444.00554867566,41.044400554867565
178,2,Recarga / infiltración,190250.2908283856,19.02502908283856
179,1,Conservación hídrica,546284.904182369,54.6284904182369
180,4,Manejo urbano,374657.96236037184,37.465796236037185
181,4,Manejo urbano,113200.74886148816,11.320074886148817
182,4,Manejo urbano,479459.94598251604,47.9459945982516
183,3,Producción agrohidrológica,143874.5001657537,14.38745001657537
184,4,Manejo urbano,165784.32252584677,16.578432252584676
185,4,Manejo urbano,106627.80215301207,10.662780215301208
186,2,Recarga / infiltración,107723.29327105584,10.772329327105584
187,4,Manejo urbano,250867.46602512442,25.08674660251244
188,3,Producción agrohidrológica,255249.4304965161,25.52494304965161
189,4,Manejo urbano,148256.46463789337,14.825646463789337
190,3,Producción agrohidrológica,304546.5308076687,30.45465308076687
191,3,Producción agrohidrológica,236626.08149034125,23.662608149034124
192,2,Recarga / infiltración,378309.5994201501,37.830959942015014
193,1,Conservación hídrica,101880.67397522596,10.188067397522596
194,4,Manejo urbano,112105.25774312425,11.210525774312424
195,3,Producción agrohidrológica,139492.53569386344,13.949253569386343
196,1,Conservación hídrica,3588098.57519614,358.809857519614
197,3,Producción agrohidrológica,2790581.041284208,279.05810412842084
198,1,Conservación hídrica,118678.20445113796,11.867820445113797
199,3,Producción agrohidrológica,350191.9940576906,35.01919940576906
200,1,Conservación hídrica,188059.3085919778,18.80593085919778
201,3,Producción agrohidrológica,1319336.469792149,131.9336469792149
202,2,Recarga / infiltración,106262.63844704498,10.626263844704498
203,4,Manejo urbano,188059.308591907,18.8059308591907
204,3,Producción agrohidrológica,942487.5251965463,94.24875251965463
205,2,Recarga / infiltración,167610.14105550433,16.761014105550434
206,3,Producción agrohidrológica,232609.2807248453,23.260928072484532
207,2,Recarga / infiltración,517802.13511433237,51.78021351143324
208,4,Manejo urbano,213985.93171831456,21.398593171831457
209,5,Drenaje / regulación,112835.5851549162,11.28355851549162
210,2,Recarga / infiltración,2063174.9389228134,206.31749389228133
211,2,Recarga / infiltración,129267.95192564446,12.926795192564446
212,3,Producción agrohidrológica,132189.2615737016,13.218926157370161
213,3,Producción agrohidrológica,253788.77567268332,25.378877567268333
214,1,Conservación hídrica,121964.67780544833,12.196467780544832
215,1,Conservación hídrica,156290.06617023802,15.629006617023801
216,2,Recarga / infiltración,222019.53325037487,22.201953325037486
217,3,Producción agrohidrológica,479094.78227697633,47.90947822769763
218,2,Recarga / infiltración,159941.7032294472,15.994170322944719
219,3,Producción agrohidrológica,118678.20445120952,11.867820445120952
220,2,Recarga / infiltración,125251.15115957856,12.525115115957856
221,1,Conservación hídrica,230783.46219508088,23.078346219508088
222,4,Manejo urbano,2135477.352713103,213.5477352713103
223,3,Producción agrohidrológica,147891.30093167705,14.789130093167705
224,3,Producción agrohidrológica,311484.64122168627,31.148464122168626
225,4,Manejo urbano,234435.0992547524,23.44350992547524
226,2,Recarga / infiltración,222019.53325080097,22.201953325080098
227,4,Manejo urbano,170531.4507044518,17.05314507044518
228,2,Recarga / infiltración,312214.9686337261,31.22149686337261
229,4,Manejo urbano,101880.67397508388,10.188067397508387
230,3,Producción agrohidrológica,194267.09159413172,19.42670915941317
231,2,Recarga / infiltración,293956.7833334838,29.39567833334838
232,2,Recarga / infiltración,123060.16892405976,12.306016892405976
233,4,Manejo urbano,200474.87459624917,20.047487459624918
234,2,Recarga / infiltración,196823.23753654122,19.68232375365412
235,2,Recarga / infiltración,108818.78438952667,10.881878438952667
236,3,Producción agrohidrológica,127442.13339573747,12.744213339573747
237,2,Recarga / infiltración,620778.3002070335,62.07783002070335
238,2,Recarga / infiltración,273872.77950272796,27.387277950272797
239,2,Recarga / infiltración,591565.2037268495,59.15652037268495
240,3,Producción agrohidrológica,154829.4113454442,15.48294113454442
241,3,Producción agrohidrológica,203031.02053798278,20.303102053798277
242,1,Conservación hídrica,141683.5179294527,14.16835179294527
243,3,Producción agrohidrológica,200109.71088989024,20.010971088989024
244,2,Recarga / infiltración,383421.89130436577,38.34218913043658
245,2,Recarga / infiltración,608362.734202868,60.836273420286794
246,2,Recarga / infiltración,927880.9769570044,92.78809769570044
247,4,Manejo urbano,156290.0661694195,15.62900661694195
248,2,Recarga / infiltración,493701.33051711996,49.370133051711996
249,2,Recarga / infiltración,163593.34029015028,16.359334029015027
250,2,Recarga / infiltración,213620.76801248963,21.362076801248964
251,2,Recarga / infiltración,279715.39879912726,27.971539879912726
252,2,Recarga / infiltración,202665.8568324071,20.26658568324071
253,2,Recarga / infiltración,236626.08149066183,23.662608149066184
254,3,Producción agrohidrológica,624429.9372669187,62.442993726691874
255,5,Drenaje / regulación,208508.47612852306,20.850847612852306
256,4,Manejo urbano,158115.88470000259,15.811588470000258
257,1,Conservación hídrica,108088.45697734348,10.808845697734348
258,3,Producción agrohidrológica,189885.12712223947,18.988512712223947
259,2,Recarga / infiltración,229322.8073713547,22.932280737135468
260,1,Conservación hídrica,134745.40751500914,13.474540751500914
261,2,Recarga / infiltración,117217.54962719814,11.721754962719814
262,2,Recarga / infiltración,189519.96341620106,18.951996341620106
263,2,Recarga / infiltración,629907.3928570307,62.99073928570307
264,2,Recarga / infiltración,879314.2040580363,87.93142040580364
265,3,Producción agrohidrológica,101880.67397486992,10.188067397486991
266,3,Producción agrohidrológica,143874.50016568275,14.387450016568275
267,4,Manejo urbano,121234.35039347732,12.123435039347731
268,2,Recarga / infiltración,341793.2288197696,34.17932288197696
269,3,Producción agrohidrológica,147891.30093164134,14.789130093164134
270,2,Recarga / infiltración,414095.64260923705,41.4095642609237
271,1,Conservación hídrica,120504.02298136424,12.050402298136424
272,2,Recarga / infiltración,116122.05850929665,11.612205850929666
273,2,Recarga / infiltración,104071.65621117066,10.407165621117066
274,2,Recarga / infiltración,750411.4158392845,75.04114158392845
275,1,Conservación hídrica,375753.45347784605,37.575345347784605
276,3,Producción agrohidrológica,114661.40368542778,11.466140368542778
277,3,Producción agrohidrológica,105897.4747416124,10.589747474161241
278,2,Recarga / infiltración,937375.2333138232,93.73752333138232
279,1,Conservación hídrica,131093.77045590692,13.109377045590692
280,2,Recarga / infiltración,469965.68962715595,46.99656896271559
281,5,Drenaje / regulación,104801.98362317648,10.480198362317648
282,3,Producción agrohidrológica,279350.23509301746,27.935023509301747
283,4,Manejo urbano,4658393.3974954765,465.83933974954766
284,3,Producción agrohidrológica,2547382.01308612,254.73820130861202
285,1,Conservación hídrica,2174915.0329608307,217.49150329608307
286,4,Manejo urbano,708782.753354118,70.8782753354118
287,2,Recarga / infiltración,107358.12956505275,10.735812956505274
288,2,Recarga / infiltración,459741.1058591154,45.974110585911546
289,1,Conservación hídrica,227862.1525463112,22.78621525463112
290,2,Recarga / infiltración,112835.58515520106,11.283558515520106
291,3,Producción agrohidrológica,131824.09786780574,13.182409786780575
292,2,Recarga / infiltración,5460658.059588182,546.0658059588181
293,1,Conservación hídrica,101150.3465627571,10.11503465627571
294,2,Recarga / infiltración,343619.04734939133,34.36190473493913
295,2,Recarga / infiltración,75993123.36539896,7599.312336539896
296,2,Recarga / infiltración,937010.0696066471,93.70100696066471
297,1,Conservación hídrica,121599.51409940931,12.15995140994093
298,1,Conservación hídrica,353478.4674118215,35.347846741182146
299,2,Recarga / infiltración,551762.3597721595,55.176235977215946
300,1,Conservación hídrica,165419.15882005807,16.541915882005807
301,3,Producción agrohidrológica,139127.3719873273,13.91273719873273
302,2,Recarga / infiltración,175278.5788821667,17.52785788821667
303,2,Recarga / infiltración,3108273.4655086254,310.82734655086256
304,2,Recarga / infiltración,382326.4001860733,38.232640018607334
305,2,Recarga / infiltración,171626.94182192587,17.16269418219259
306,2,Recarga / infiltración,303085.87598283944,30.308587598283943
307,2,Recarga / infiltración,390360.0017180265,39.036000171802655
308,2,Recarga / infiltración,115391.73109736177,11.539173109736177
309,4,Manejo urbano,262917.86832307244,26.291786832307245
310,2,Recarga / infiltración,4625528.663956114,462.55286639561143
311,3,Producción agrohidrológica,250137.13861283404,25.013713861283403
312,1,Conservación hídrica,161402.35805349355,16.140235805349356
313,5,Drenaje / regulación,1849919.3346164743,184.99193346164742
314,2,Recarga / infiltración,625160.2646792796,62.516026467927965
315,2,Recarga / infiltración,501734.9320497156,50.17349320497156
316,2,Recarga / infiltración,209603.96724638753,20.960396724638752
317,2,Recarga / infiltración,345810.0295863691,34.58100295863691
318,4,Manejo urbano,124520.8237477153,12.45208237477153
319,1,Conservación hídrica,100420.01915153553,10.042001915153552
320,2,Recarga / infiltración,199379.3834783119,19.937938347831192
321,1,Conservación hídrica,160306.86693577084,16.030686693577085
322,4,Manejo urbano,249771.97490651108,24.977197490651108
323,2,Recarga / infiltración,199744.5471838509,19.97445471838509
324,4,Manejo urbano,166149.48623227677,16.614948623227676
325,2,Recarga / infiltración,199014.2197722734,19.90142197722734
326,2,Recarga / infiltración,291765.80109792744,29.176580109792745
327,1,Conservación hídrica,141683.5179296307,14.16835179296307
328,2,Recarga / infiltración,383056.72759882663,38.30567275988266
329,1,Conservación hídrica,224940.84289864558,22.49408428986456
330,2,Recarga / infiltración,137666.7171638144,13.76667171638144
331,3,Producción agrohidrológica,586087.7481365231,58.6087748136523
332,2,Recarga / infiltración,177469.5611180409,17.74695611180409
333,4,Manejo urbano,350922.3214696607,35.09223214696607
334,2,Recarga / infiltración,148621.6283443946,14.86216283443946
335,2,Recarga / infiltración,146065.48240219703,14.606548240219702
336,2,Recarga / infiltración,108453.6206832396,10.84536206832396
337,2,Recarga / infiltración,134745.40751529392,13.474540751529393
338,4,Manejo urbano,424685.39008271054,42.46853900827105
339,2,Recarga / infiltración,245755.17414073015,24.575517414073015
340,3,Producción agrohidrológica,101150.34656332739,10.115034656332739
341,2,Recarga / infiltración,2308930.113064468,230.8930113064468
342,1,Conservación hídrica,148621.6283433982,14.862162834339818
343,2,Recarga / infiltración,119043.36815771066,11.904336815771066
344,3,Producción agrohidrológica,215811.75024871924,21.581175024871925
345,3,Producción agrohidrológica,248676.48378950043,24.867648378950044
346,4,Manejo urbano,113565.91256688636,11.356591256688636
347,3,Producción agrohidrológica,223480.18807449314,22.348018807449314
348,2,Recarga / infiltración,859230.2002274955,85.92302002274955
349,2,Recarga / infiltración,5031590.705032647,503.1590705032647
350,2,Recarga / infiltración,102245.83768137125,10.224583768137125
351,1,Conservación hídrica,1541356.0030435566,154.13560030435565
352,2,Recarga / infiltración,124155.66004139176,12.415566004139176
353,1,Conservación hídrica,124155.66004142752,12.415566004142752
354,3,Producción agrohidrológica,103341.32879912932,10.334132879912932
355,2,Recarga / infiltración,511229.1884052875,51.122918840528754
356,3,Producción agrohidrológica,209969.1309522482,20.99691309522482
357,1,Conservación hídrica,390725.1654244219,39.07251654244219
358,2,Recarga / infiltración,109183.94809531602,10.918394809531602
359,2,Recarga / infiltración,109183.94809567177,10.918394809567177
360,3,Producción agrohidrológica,101515.51026893817,10.151551026893818
361,2,Recarga / infiltración,113931.07627324485,11.393107627324484
362,2,Recarga / infiltración,548475.8864182086,54.84758864182086
363,3,Producción agrohidrológica,232244.11701848634,23.224411701848634
364,2,Recarga / infiltración,111009.76662532965,11.100976662532965
365,2,Recarga / infiltración,109914.27550714319,10.991427550714318
366,2,Recarga / infiltración,172722.43293996964,17.272243293996965
367,2,Recarga / infiltración,139857.69939990196,13.985769939990195
368,1,Conservación hídrica,166879.8136436774,16.68798136436774
369,1,Conservación hídrica,615300.8446169212,61.53008446169211
370,2,Recarga / infiltración,571846.3636028081,57.18463636028081
371,1,Conservación hídrica,140953.1905174475,14.09531905174475
372,2,Recarga / infiltración,277159.25285757065,27.715925285757066
373,2,Recarga / infiltración,344714.53846747085,34.47145384674708
374,2,Recarga / infiltración,7604899.341242465,760.4899341242465
375,1,Conservación hídrica,116852.38592133802,11.685238592133802
376,3,Producción agrohidrológica,207412.98501019357,20.741298501019358
377,3,Producción agrohidrológica,181851.52558989543,18.185152558989543
378,2,Recarga / infiltración,503195.5868733341,50.319558687333405
379,2,Recarga / infiltración,249771.97490633352,24.97719749063335
380,3,Producción agrohidrológica,581705.783664243,58.170578366424294
381,1,Conservación hídrica,238817.06372660643,23.88170637266064
382,2,Recarga / infiltración,134015.08010343043,13.401508010343044
383,2,Recarga / infiltración,448786.19467839296,44.87861946783929
384,2,Recarga / infiltración,120138.85927529093,12.013885927529094
385,3,Producción agrohidrológica,219828.55101435827,21.982855101435828
386,3,Producción agrohidrológica,117582.71333316521,11.758271333316522
387,2,Recarga / infiltración,272046.9609732108,27.20469609732108
388,3,Producción agrohidrológica,125981.47857172646,12.598147857172647
389,1,Conservación hídrica,381961.2364807458,38.196123648074575
390,2,Recarga / infiltración,185503.16264999422,18.550316264999424
391,2,Recarga / infiltración,253788.7756729686,25.378877567296858
392,3,Producción agrohidrológica,200109.71089045962,20.010971089045963
393,3,Producción agrohidrológica,424685.39008249616,42.468539008249614
394,3,Producción agrohidrológica,150812.61057944995,15.081261057944994
395,3,Producción agrohidrológica,124520.82374725315,12.452082374725315
396,1,Conservación hídrica,244659.6830231125,24.46596830231125
397,2,Recarga / infiltración,203031.02053823206,20.303102053823206
398,3,Producción agrohidrológica,113200.74886191542,11.320074886191541
399,3,Producción agrohidrológica,223480.18807449212,22.34801880744921
400,1,Conservación hídrica,156290.0661695978,15.62900661695978
401,2,Recarga / infiltración,321344.06128343905,32.134406128343905
402,3,Producción agrohidrológica,592660.694845108,59.266069484510794
403,3,Producción agrohidrológica,1581158.8469977842,158.11588469977843
404,2,Recarga / infiltración,211064.62207061294,21.106462207061295
405,2,Recarga / infiltración,411174.33296089404,41.1174332960894
406,3,Producción agrohidrológica,178565.05223604894,17.856505223604895
407,2,Recarga / infiltración,100785.18285711146,10.078518285711146
408,2,Recarga / infiltración,482016.0919252477,48.20160919252477
409,2,Recarga / infiltración,164323.66770169337,16.432366770169338
410,3,Producción agrohidrológica,732153.2305388984,73.21532305388983
411,1,Conservación hídrica,322804.7161078773,32.280471610787735
412,1,Conservación hídrica,159576.5395239425,15.957653952394251
413,2,Recarga / infiltración,161037.19434752592,16.10371943475259
414,1,Conservación hídrica,399123.9306624481,39.91239306624481
415,3,Producción agrohidrológica,153003.59281567915,15.300359281567914
416,3,Producción agrohidrológica,119408.53186349919,11.94085318634992
417,1,Conservación hídrica,225306.00660489715,22.530600660489714
418,3,Producción agrohidrológica,143144.17275360573,14.314417275360572
419,3,Producción agrohidrológica,160306.86693569925,16.030686693569926
420,2,Recarga / infiltración,698193.005879578,69.8193005879578
421,1,Conservación hídrica,155924.90246352385,15.592490246352385
422,1,Conservación hídrica,9806836.488446442,980.6836488446443
423,1,Conservación hídrica,100785.18285675463,10.078518285675463
424,1,Conservación hídrica,113200.74886152378,11.320074886152378
425,1,Conservación hídrica,297243.25668825617,29.724325668825617
426,2,Recarga / infiltración,1131642.3249071008,113.16423249071008
427,1,Conservación hídrica,212525.27689405365,21.252527689405365
428,1,Conservación hídrica,142413.84534152935,14.241384534152935
429,1,Conservación hídrica,364068.2148861134,36.40682148861134
430,3,Producción agrohidrológica,330838.3176396873,33.083831763968725
431,1,Conservación hídrica,111740.0940377977,11.17400940377977
432,2,Recarga / infiltración,896476.8982402731,89.64768982402731
433,1,Conservación hídrica,194632.25530016952,19.463225530016953
434,2,Recarga / infiltración,125616.31486529669,12.561631486529668
435,1,Conservación hídrica,1242652.0915328946,124.26520915328946
436,1,Conservación hídrica,125616.31486522497,12.561631486522497
437,2,Recarga / infiltración,888078.1330008194,88.80781330008193
438,3,Producción agrohidrológica,113200.74886095463,11.320074886095462
439,2,Recarga / infiltración,1866351.701386669,186.6351701386669
440,3,Producción agrohidrológica,111009.7666253296,11.100976662532961
441,3,Producción agrohidrológica,185868.3263564598,18.58683263564598
442,1,Conservación hídrica,104801.98362303387,10.480198362303387
443,1,Conservación hídrica,182216.68929611205,18.221668929611205
444,3,Producción agrohidrológica,112835.58515537884,11.283558515537884
445,3,Producción agrohidrológica,357130.1044723827,35.71301044723827
446,2,Recarga / infiltración,231878.95331291048,23.18789533129105
447,3,Producción agrohidrológica,1533687.5652173578,153.36875652173578
448,4,Manejo urbano,358955.92300264584,35.89559230026458
449,1,Conservación hídrica,111009.7666251519,11.10097666251519
450,3,Producción agrohidrológica,305642.02192478714,30.564202192478714
451,3,Producción agrohidrológica,106262.63844761436,10.626263844761436
452,3,Producción agrohidrológica,154099.08393393736,15.409908393393737
453,3,Producción agrohidrológica,160306.86693573487,16.030686693573486
454,1,Conservación hídrica,105532.31103486144,10.553231103486144
455,1,Conservación hídrica,870185.1114084673,87.01851114084673
456,3,Producción agrohidrológica,1577872.3736434742,157.78723736434742
457,3,Producción agrohidrológica,112105.25774333763,11.210525774333762
458,1,Conservación hídrica,1077598.096418126,107.75980964181261
459,3,Producción agrohidrológica,456089.4687995507,45.60894687995507
460,1,Conservación hídrica,1371920.0434568971,137.19200434568972
461,3,Producción agrohidrológica,253423.6119673222,25.34236119673222
462,1,Conservación hídrica,109914.27550725015,10.991427550725014
463,1,Conservación hídrica,411174.33296071575,41.117433296071574
464,3,Producción agrohidrológica,343253.8836439937,34.32538836439937
465,3,Producción agrohidrológica,284097.36327155086,28.409736327155084
466,3,Producción agrohidrológica,298338.74780604977,29.833874780604976
467,2,Recarga / infiltración,465218.5614493706,46.52185614493706
468,1,Conservación hídrica,3325545.870580063,332.55458705800635
469,2,Recarga / infiltración,196823.23753661296,19.682323753661297
470,2,Recarga / infiltración,1266022.5687156464,126.60225687156463
471,1,Conservación hídrica,114661.40368521481,11.466140368521481
472,2,Recarga / infiltración,135475.734927335,13.5475734927335
473,3,Producción agrohidrológica,124885.98745361112,12.488598745361111
474,3,Producción agrohidrológica,147160.97351981394,14.716097351981395
475,1,Conservación hídrica,164688.83140783806,16.468883140783806
476,3,Producción agrohidrológica,154464.24763972647,15.446424763972647
477,3,Producción agrohidrológica,123790.49633521204,12.379049633521204
478,3,Producción agrohidrológica,414825.97002134833,41.48259700213483
479,3,Producción agrohidrológica,145700.31869558946,14.570031869558946
480,2,Recarga / infiltración,193901.9278881635,19.39019278881635
481,1,Conservación hídrica,130363.44304347437,13.036344304347438
482,2,Recarga / infiltración,140222.86310558405,14.022286310558405
483,3,Producción agrohidrológica,307833.0041612314,30.78330041612314
484,3,Producción agrohidrológica,115756.89480347194,11.575689480347194
485,2,Recarga / infiltración,167610.14105593096,16.761014105593095
486,1,Conservación hídrica,6621148.317268264,662.1148317268263
487,1,Conservación hídrica,140588.02681144403,14.058802681144403
488,1,Conservación hídrica,332298.97246355633,33.229897246355634
489,2,Recarga / infiltración,116122.05850933261,11.612205850933261
490,3,Producción agrohidrológica,1119226.758903078,111.9226758903078
491,1,Conservación hídrica,215811.75024843472,21.58117502484347
492,4,Manejo urbano,134380.24380957606,13.438024380957605
493,1,Conservación hídrica,398758.76695651666,39.87587669565166
494,3,Producción agrohidrológica,168340.4684680083,16.83404684680083
495,1,Conservación hídrica,7135663.979025203,713.5663979025203
496,3,Producción agrohidrológica,105897.47474129175,10.589747474129174
497,3,Producción agrohidrológica,167244.97735003565,16.724497735003567
498,3,Producción agrohidrológica,294687.1107447762,29.46871107447762
499,1,Conservación hídrica,146313428.55802754,14631.342855802754
500,1,Conservación hídrica,311484.64122122223,31.148464122122224
501,2,Recarga / infiltración,678109.0020497111,67.8109002049711
502,2,Recarga / infiltración,199014.21977209506,19.901421977209505
503,2,Recarga / infiltración,216542.07766004882,21.65420776600488
504,3,Producción agrohidrológica,127442.13339548899,12.744213339548898
505,3,Producción agrohidrológica,3797702.5424433355,379.77025424433356
506,1,Conservación hídrica,136206.0623395536,13.62060623395536
507,2,Recarga / infiltración,233339.60813642354,23.333960813642353
508,1,Conservación hídrica,110279.43921300415,11.027943921300416
509,1,Conservación hídrica,520723.44476207206,52.072344476207206
510,2,Recarga / infiltración,160306.8669359831,16.03068669359831
511,3,Producción agrohidrológica,964397.347558632,96.4397347558632
512,1,Conservación hídrica,120138.85927529057,12.013885927529056
513,2,Recarga / infiltración,115391.73109721963,11.539173109721963
514,1,Conservación hídrica,226766.66142844572,22.67666614284457
515,2,Recarga / infiltración,178199.88853001117,17.819988853001117
516,1,Conservación hídrica,172357.26923435848,17.23572692343585
517,1,Conservación hídrica,280080.56250495155,28.008056250495155
518,1,Conservación hídrica,932993.2688409028,93.29932688409028
519,1,Conservación hídrica,125251.1511594012,12.52511511594012
520,1,Conservación hídrica,144969.99128333502,14.496999128333503
521,3,Producción agrohidrológica,1393464.7021123075,139.34647021123075
522,3,Producción agrohidrológica,185503.16264978022,18.550316264978022
523,3,Producción agrohidrológica,244659.68302289964,24.465968302289966
524,2,Recarga / infiltración,815045.3918013077,81.50453918013076
525,3,Producción agrohidrológica,183312.1804141562,18.33121804141562
526,1,Conservación hídrica,610188.552733096,61.0188552733096
527,2,Recarga / infiltración,783641.3130851785,78.36413130851786
528,2,Recarga / infiltración,187694.14488672256,18.769414488672254
529,1,Conservación hídrica,201205.20200825465,20.120520200825464
530,3,Producción agrohidrológica,105532.31103493272,10.553231103493271
531,1,Conservación hídrica,205952.3301865388,20.595233018653882
532,1,Conservación hídrica,1849189.0072060693,184.91890072060693
533,2,Recarga / infiltración,143509.33645960875,14.350933645960875
534,2,Recarga / infiltración,182216.68929586318,18.22166892958632
535,1,Conservación hídrica,119408.53186342813,11.940853186342812
536,3,Producción agrohidrológica,9469425.224101586,946.9425224101586
537,1,Conservación hídrica,923133.8487781537,92.31338487781537
538,1,Conservación hídrica,117947.87703888332,11.794787703888332
539,1,Conservación hídrica,128537.6245133185,12.85376245133185
540,2,Recarga / infiltración,326456.353167939,32.6456353167939
541,1,Conservación hídrica,280810.8899170994,28.081088991709937
542,2,Recarga / infiltración,142413.84534181506,14.241384534181506
543,2,Recarga / infiltración,232974.44443045658,23.29744444304566
544,1,Conservación hídrica,138397.04457542772,13.839704457542771
545,2,Recarga / infiltración,869454.7839957491,86.94547839957491
546,1,Conservación hídrica,124520.823747466,12.452082374746599
547,2,Recarga / infiltración,100054.85544496278,10.005485544496278
548,3,Producción agrohidrológica,336315.7732291228,33.63157732291228
549,1,Conservación hídrica,1208691.866873533,120.8691866873533
550,2,Recarga / infiltración,250137.13861272825,25.013713861272823
551,1,Conservación hídrica,144969.99128365575,14.496999128365575
552,2,Recarga / infiltración,127807.297101242,12.7807297101242
553,3,Producción agrohidrológica,213985.93171916885,21.398593171916886
554,3,Producción agrohidrológica,240277.71855033378,24.02777185503338
555,3,Producción agrohidrológica,272777.28838507505,27.277728838507507
556,2,Recarga / infiltración,1628264.9650730586,162.82649650730585
557,3,Producción agrohidrológica,33720312.103542656,3372.0312103542656
558,1,Conservación hídrica,1452256.058779601,145.2256058779601
559,1,Conservación hídrica,165305227.74359345,16530.522774359346
560,1,Conservación hídrica,147891.30093110717,14.789130093110716
561,1,Conservación hídrica,108453.62068366623,10.845362068366622
562,1,Conservación hídrica,116122.05850929693,11.612205850929692
563,2,Recarga / infiltración,357130.10447238176,35.713010447238176
564,3,Producción agrohidrológica,239182.22743268174,23.918222743268174
565,1,Conservación hídrica,150082.28316794307,15.008228316794307
566,2,Recarga / infiltración,923864.1761912588,92.38641761912588
567,2,Recarga / infiltración,171261.7781155665,17.12617781155665
568,2,Recarga / infiltración,606536.9156738158,60.65369156738158
569,1,Conservación hídrica,129998.27933740102,12.999827933740102
570,1,Conservación hídrica,8951623.088987725,895.1623088987725
571,1,Conservación hídrica,730327.4120085672,73.03274120085672
572,2,Recarga / infiltración,106992.96585937116,10.699296585937116
573,1,Conservación hídrica,146430.6461076302,14.64306461076302
574,1,Conservación hídrica,168340.46846754593,16.834046846754593
575,2,Recarga / infiltración,120869.18668718991,12.08691866871899
576,2,Recarga / infiltración,386343.20095245977,38.634320095245975
577,2,Recarga / infiltración,3753517.734016774,375.3517734016774
578,1,Conservación hídrica,1027935.8324019316,102.79358324019316
579,1,Conservación hídrica,127807.29710170398,12.780729710170398
580,2,Recarga / infiltración,721198.3193589621,72.11983193589622
581,2,Recarga / infiltración,158846.2121120802,15.88462121120802
582,1,Conservación hídrica,1887896.3600410416,188.78963600410415
583,2,Recarga / infiltración,115756.89480354347,11.575689480354347
584,2,Recarga / infiltración,101150.34656275666,10.115034656275666
585,3,Producción agrohidrológica,103706.49250545303,10.370649250545304
586,3,Producción agrohidrológica,124520.82374721784,12.452082374721785
587,1,Conservación hídrica,339967.41029018495,33.996741029018494
588,2,Recarga / infiltración,5279171.6977025615,527.9171697702561
589,3,Producción agrohidrológica,277524.4165630749,27.752441656307493
590,2,Recarga / infiltración,350191.9940580463,35.019199405804635
591,3,Producción agrohidrológica,6964402.200912979,696.440220091298
592,1,Conservación hídrica,105532.31103546656,10.553231103546656
593,1,Conservación hídrica,377944.4357141823,37.794443571418235
594,3,Producción agrohidrológica,155194.5750521592,15.51945750521592
595,3,Producción agrohidrológica,244659.68302265118,24.465968302265118
596,1,Conservación hídrica,147160.9735198502,14.71609735198502
597,1,Conservación hídrica,130363.44304383182,13.036344304383181
598,1,Conservación hídrica,104071.6562108507,10.40716562108507
599,2,Recarga / infiltración,3524194.9266467006,352.4194926646701
600,2,Recarga / infiltración,1343437.2743896097,134.34372743896097
601,1,Conservación hídrica,10063546.573768893,1006.3546573768893
602,2,Recarga / infiltración,137301.5534575614,13.730155345756138
603,2,Recarga / infiltración,1709331.3078053126,170.93313078053126
604,2,Recarga / infiltración,138762.20828168,13.876220828168002
605,1,Conservación hídrica,338506.75546617276,33.850675546617275
606,1,Conservación hídrica,140588.02681137278,14.058802681137278
607,2,Recarga / infiltración,402410.4040167224,40.24104040167224
608,1,Conservación hídrica,539711.957474285,53.9711957474285
609,2,Recarga / infiltración,1289027.8821938878,128.90278821938878
610,2,Recarga / infiltración,1269674.2057767783,126.96742057767783
611,1,Conservación hídrica,7602343.195300984,760.2343195300984
612,1,Conservación hídrica,20443324.91693791,2044.332491693791
613,2,Recarga / infiltración,333759.6272878526,33.37596272878526
614,1,Conservación hídrica,3952166.7900830447,395.2166790083045
